{
  "full": {
    "Salient360": {
      "LEV": {
        "mean": 36.00675675675676,
        "std": 3.7780422171922297
      },
      "DTW": {
        "mean": 1305.6098591173197,
        "std": 306.87474644191195
      },
      "REC": {
        "mean": 5.864864864864865,
        "std": 3.614459998095786
      },
      "n": 592
    },
    "AOI": {
      "LEV": {
        "mean": 10.9221140472879,
        "std": 3.32764339310365
      },
      "DTW": {
        "mean": 398.0789515339264,
        "std": 164.54051438754834
      },
      "REC": {
        "mean": 7.566174360332915,
        "std": 10.747525903098857
      },
      "n": 719
    },
    "JUFE": {
      "LEV": {
        "mean": 21.636666666666667,
        "std": 2.733981630434915
      },
      "DTW": {
        "mean": 1030.2013075404684,
        "std": 390.6352134708911
      },
      "REC": {
        "mean": 5.111111111111111,
        "std": 3.1251706932470036
      },
      "n": 1800
    },
    "Sitzmann": {
      "LEV": {
        "mean": 37.3448275862069,
        "std": 3.503947154271687
      },
      "DTW": {
        "mean": 1544.1713036494518,
        "std": 355.0398026364236
      },
      "REC": {
        "mean": 4.93103448275862,
        "std": 2.396723993918678
      },
      "n": 116
    }
  },
  "no_coord_att": {
    "Salient360": {
      "LEV": {
        "mean": 36.29391891891892,
        "std": 3.856562086698592
      },
      "DTW": {
        "mean": 1330.668606608525,
        "std": 327.8468434758677
      },
      "REC": {
        "mean": 6.049549549549549,
        "std": 4.535373955277724
      },
      "n": 592
    },
    "AOI": {
      "LEV": {
        "mean": 11.111265646731571,
        "std": 3.2748671523367276
      },
      "DTW": {
        "mean": 394.9577038674043,
        "std": 157.78522719869838
      },
      "REC": {
        "mean": 7.102457116365321,
        "std": 10.393864316707706
      },
      "n": 719
    },
    "JUFE": {
      "LEV": {
        "mean": 22.011111111111113,
        "std": 2.842512364653824
      },
      "DTW": {
        "mean": 1019.2137943408975,
        "std": 389.5892092509163
      },
      "REC": {
        "mean": 4.8809523809523805,
        "std": 3.0473606868000997
      },
      "n": 1800
    },
    "Sitzmann": {
      "LEV": {
        "mean": 36.939655172413794,
        "std": 2.9777589151836996
      },
      "DTW": {
        "mean": 1527.096050545481,
        "std": 304.5119586100694
      },
      "REC": {
        "mean": 5.1724137931034475,
        "std": 2.706768428038893
      },
      "n": 116
    }
  },
  "no_hierarchical": {
    "Salient360": {
      "LEV": {
        "mean": 36.65371621621622,
        "std": 4.163469638772484
      },
      "DTW": {
        "mean": 1343.9644864477034,
        "std": 327.8451601513384
      },
      "REC": {
        "mean": 5.911599099099099,
        "std": 4.058352599425098
      },
      "n": 592
    },
    "AOI": {
      "LEV": {
        "mean": 11.015299026425591,
        "std": 3.4047401528803998
      },
      "DTW": {
        "mean": 396.6960676111334,
        "std": 163.90412707075484
      },
      "REC": {
        "mean": 8.206945272313838,
        "std": 9.894249566546971
      },
      "n": 719
    },
    "JUFE": {
      "LEV": {
        "mean": 22.653333333333332,
        "std": 2.870121948628664
      },
      "DTW": {
        "mean": 1050.6748394562603,
        "std": 402.6936384290138
      },
      "REC": {
        "mean": 4.32010582010582,
        "std": 2.9173249686014042
      },
      "n": 1800
    },
    "Sitzmann": {
      "LEV": {
        "mean": 37.48275862068966,
        "std": 2.7275186355464687
      },
      "DTW": {
        "mean": 1541.0744809185894,
        "std": 309.72573901016074
      },
      "REC": {
        "mean": 4.801724137931034,
        "std": 2.370386605499682
      },
      "n": 116
    }
  },
  "no_coverage_loss": {
    "Salient360": {
      "LEV": {
        "mean": 35.80574324324324,
        "std": 4.948836280245141
      },
      "DTW": {
        "mean": 1319.5124568960505,
        "std": 308.6967478884527
      },
      "REC": {
        "mean": 6.716216216216216,
        "std": 5.0597206514162085
      },
      "n": 592
    },
    "AOI": {
      "LEV": {
        "mean": 10.892906815020861,
        "std": 3.427117950626402
      },
      "DTW": {
        "mean": 382.51466743458155,
        "std": 153.88688194138578
      },
      "REC": {
        "mean": 8.154513543943308,
        "std": 10.789587759215696
      },
      "n": 719
    },
    "JUFE": {
      "LEV": {
        "mean": 20.49277777777778,
        "std": 3.492047004831209
      },
      "DTW": {
        "mean": 912.6304443415225,
        "std": 294.2477337466033
      },
      "REC": {
        "mean": 6.285185185185185,
        "std": 3.70547044029465
      },
      "n": 1800
    },
    "Sitzmann": {
      "LEV": {
        "mean": 37.41379310344828,
        "std": 4.060042817672216
      },
      "DTW": {
        "mean": 1516.5399328378971,
        "std": 339.20587942061024
      },
      "REC": {
        "mean": 5.258620689655173,
        "std": 2.8544132016678074
      },
      "n": 116
    }
  },
  "lstm_baseline": {
    "Salient360": {
      "LEV": {
        "mean": 35.557432432432435,
        "std": 4.33286608871448
      },
      "DTW": {
        "mean": 1280.8771507912973,
        "std": 307.3227655629841
      },
      "REC": {
        "mean": 5.573761261261261,
        "std": 3.2135286654306285
      },
      "n": 592
    },
    "AOI": {
      "LEV": {
        "mean": 11.076495132127956,
        "std": 3.313644562852099
      },
      "DTW": {
        "mean": 420.8095119953002,
        "std": 182.25527555435013
      },
      "REC": {
        "mean": 6.683886350089411,
        "std": 8.934701887543897
      },
      "n": 719
    },
    "JUFE": {
      "LEV": {
        "mean": 21.720555555555556,
        "std": 2.9375385996938586
      },
      "DTW": {
        "mean": 1065.932626907576,
        "std": 424.9221907688255
      },
      "REC": {
        "mean": 5.225925925925925,
        "std": 3.6782751793253
      },
      "n": 1800
    },
    "Sitzmann": {
      "LEV": {
        "mean": 36.68103448275862,
        "std": 2.9437225375570444
      },
      "DTW": {
        "mean": 1503.0603318670255,
        "std": 361.9434322513567
      },
      "REC": {
        "mean": 4.75287356321839,
        "std": 2.210268915200214
      },
      "n": 116
    }
  }
}