{
  "full": {
    "Salient360": {
      "LEV": {
        "mean": 36.11542792792793,
        "std": 0.3348469333181004,
        "run_means": [
          36.554054054054056,
          36.05067567567568,
          35.741554054054056
        ]
      },
      "DTW": {
        "mean": 1304.9514521622789,
        "std": 16.93228566555568,
        "run_means": [
          1305.9224552644473,
          1283.7452770815612,
          1325.1866241408284
        ]
      },
      "REC": {
        "mean": 5.836336336336337,
        "std": 0.14921159366909428,
        "run_means": [
          5.671171171171171,
          5.80518018018018,
          6.032657657657658
        ]
      },
      "n": 592
    },
    "AOI": {
      "LEV": {
        "mean": 11.101993509503941,
        "std": 0.04857042504852581,
        "run_means": [
          11.133518776077885,
          11.139082058414465,
          11.033379694019471
        ]
      },
      "DTW": {
        "mean": 409.39896440365663,
        "std": 6.210177765111164,
        "run_means": [
          415.3883260451978,
          411.96711758693004,
          400.84144957884206
        ]
      },
      "REC": {
        "mean": 6.438505861315318,
        "std": 0.9359379675521696,
        "run_means": [
          5.5316025343841755,
          6.057023643949931,
          7.72689140561185
        ]
      },
      "n": 719
    },
    "JUFE": {
      "LEV": {
        "mean": 21.39537037037037,
        "std": 0.4505226350792955,
        "run_means": [
          20.996111111111112,
          21.165,
          22.025
        ]
      },
      "DTW": {
        "mean": 1019.8299192646896,
        "std": 19.13883045705752,
        "run_means": [
          994.1098737199246,
          1025.3891414112911,
          1039.9907426628529
        ]
      },
      "REC": {
        "mean": 5.326102292768959,
        "std": 0.3279289026566052,
        "run_means": [
          5.332804232804232,
          5.724338624338624,
          4.92116402116402
        ]
      },
      "n": 1800
    },
    "Sitzmann": {
      "LEV": {
        "mean": 36.87931034482759,
        "std": 0.10836038870669477,
        "run_means": [
          36.8448275862069,
          36.76724137931034,
          37.025862068965516
        ]
      },
      "DTW": {
        "mean": 1497.833075211611,
        "std": 27.851761729033683,
        "run_means": [
          1510.5919853999592,
          1459.1815175329982,
          1523.725722701876
        ]
      },
      "REC": {
        "mean": 4.955938697318007,
        "std": 0.2783288232259039,
        "run_means": [
          4.727011494252874,
          4.793103448275862,
          5.347701149425285
        ]
      },
      "n": 116
    }
  },
  "no_coord_att": {
    "Salient360": {
      "LEV": {
        "mean": 36.44819819819819,
        "std": 0.3082614716960743,
        "run_means": [
          36.41891891891892,
          36.086148648648646,
          36.839527027027025
        ]
      },
      "DTW": {
        "mean": 1344.457598594503,
        "std": 8.904905691910157,
        "run_means": [
          1356.7842442898227,
          1340.5272944434198,
          1336.0612570502662
        ]
      },
      "REC": {
        "mean": 5.845533033033033,
        "std": 0.18024605433703164,
        "run_means": [
          5.603603603603603,
          5.89695945945946,
          6.036036036036037
        ]
      },
      "n": 592
    },
    "AOI": {
      "LEV": {
        "mean": 11.238293926750117,
        "std": 0.15996385091597928,
        "run_means": [
          11.25452016689847,
          11.034770514603617,
          11.425591098748262
        ]
      },
      "DTW": {
        "mean": 420.78266408484075,
        "std": 16.957410561901735,
        "run_means": [
          413.95808213524344,
          404.2851717771105,
          444.10473834216833
        ]
      },
      "REC": {
        "mean": 6.977136087010912,
        "std": 0.4966114249898029,
        "run_means": [
          6.314104686844604,
          7.509216945934609,
          7.108086628253526
        ]
      },
      "n": 719
    },
    "JUFE": {
      "LEV": {
        "mean": 22.54907407407407,
        "std": 0.9519199067759442,
        "run_means": [
          22.482777777777777,
          23.746666666666666,
          21.41777777777778
        ]
      },
      "DTW": {
        "mean": 1044.7358492194332,
        "std": 10.826045779582026,
        "run_means": [
          1051.9749854954962,
          1052.7996487600658,
          1029.4329134027378
        ]
      },
      "REC": {
        "mean": 4.561375661375661,
        "std": 0.5892694679241163,
        "run_means": [
          5.034391534391534,
          3.73068783068783,
          4.9190476190476184
        ]
      },
      "n": 1800
    },
    "Sitzmann": {
      "LEV": {
        "mean": 37.44252873563219,
        "std": 0.4223453693898543,
        "run_means": [
          37.956896551724135,
          36.922413793103445,
          37.44827586206897
        ]
      },
      "DTW": {
        "mean": 1564.5759506538682,
        "std": 16.591076259778184,
        "run_means": [
          1588.0232704301736,
          1552.1018817656216,
          1553.6026997658096
        ]
      },
      "REC": {
        "mean": 4.633141762452108,
        "std": 0.33511491569807894,
        "run_means": [
          4.186781609195402,
          4.994252873563219,
          4.718390804597702
        ]
      },
      "n": 116
    }
  },
  "no_hierarchical": {
    "Salient360": {
      "LEV": {
        "mean": 35.94932432432432,
        "std": 0.19057667697713052,
        "run_means": [
          35.76858108108108,
          35.866554054054056,
          36.21283783783784
        ]
      },
      "DTW": {
        "mean": 1320.5062211751074,
        "std": 21.88350893060667,
        "run_means": [
          1348.6364857321225,
          1295.2675439515895,
          1317.6146338416104
        ]
      },
      "REC": {
        "mean": 6.247747747747748,
        "std": 0.18354531631152188,
        "run_means": [
          6.3772522522522515,
          6.377815315315315,
          5.988175675675675
        ]
      },
      "n": 592
    },
    "AOI": {
      "LEV": {
        "mean": 10.964302271673619,
        "std": 0.23057253162414665,
        "run_means": [
          10.837273991655076,
          10.767732962447845,
          11.28789986091794
        ]
      },
      "DTW": {
        "mean": 398.82748072423306,
        "std": 8.485682642328863,
        "run_means": [
          395.74183050304396,
          390.32693553926254,
          410.4136761303927
        ]
      },
      "REC": {
        "mean": 8.050790707258022,
        "std": 0.6541901874459727,
        "run_means": [
          8.491401196547233,
          8.535002318034307,
          7.1259686071925294
        ]
      },
      "n": 719
    },
    "JUFE": {
      "LEV": {
        "mean": 22.256481481481483,
        "std": 0.5149753946204334,
        "run_means": [
          22.878888888888888,
          22.272777777777776,
          21.61777777777778
        ]
      },
      "DTW": {
        "mean": 1019.3057070170448,
        "std": 34.10199603806868,
        "run_means": [
          1055.7982802592169,
          1028.3657983010235,
          973.753042490894
        ]
      },
      "REC": {
        "mean": 4.6765432098765425,
        "std": 0.31440544674245047,
        "run_means": [
          4.238095238095237,
          4.831746031746031,
          4.959788359788359
        ]
      },
      "n": 1800
    },
    "Sitzmann": {
      "LEV": {
        "mean": 36.968390804597696,
        "std": 0.3033481200091204,
        "run_means": [
          37.35344827586207,
          36.61206896551724,
          36.939655172413794
        ]
      },
      "DTW": {
        "mean": 1504.4096490452812,
        "std": 42.21778114305288,