{
  "num_samples": 592,
  "timestamp": "20260205_061621",
  "LEV": 25.0,
  "LEV_std": 0.0,
  "DTW": 1419.264729622842,
  "DTW_std": 308.00865474985153,
  "REC": 49.195945945945944,
  "REC_std": 9.270859853514375,
  "x_coverage_mean": 68.54683685302734,
  "x_coverage_std": 11.499156951904297,
  "y_coverage_mean": 27.04689598083496,
  "y_coverage_std": 9.06515121459961,
  "xy_ratio_mean": 2.8708879947662354,
  "xy_ratio_std": 1.2067762613296509,
  "x_std_mean": 0.19240640103816986,
  "y_std_mean": 0.0692310556769371
}