{
  "num_samples": 592,
  "timestamp": "20260205_062454",
  "LEV": 25.0,
  "LEV_std": 0.0,
  "DTW": 1394.954196270046,
  "DTW_std": 304.02629241640705,
  "REC": 49.63795045045045,
  "REC_std": 10.531240227260584,
  "x_coverage_mean": 67.10376739501953,
  "x_coverage_std": 12.068793296813965,
  "y_coverage_mean": 36.79877471923828,
  "y_coverage_std": 9.171653747558594,
  "xy_ratio_mean": 1.942488193511963,
  "xy_ratio_std": 0.6284114122390747,
  "x_std_mean": 0.18590147793293,
  "y_std_mean": 0.0921584814786911
}