{
  "num_samples": 592,
  "timestamp": "20260205_062523",
  "LEV": 25.0,
  "LEV_std": 0.0,
  "DTW": 1329.8747063201822,
  "DTW_std": 301.97711767284443,
  "REC": 48.41835585585586,
  "REC_std": 9.773663099876275,
  "x_coverage_mean": 72.40789794921875,
  "x_coverage_std": 11.815364837646484,
  "y_coverage_mean": 26.351179122924805,
  "y_coverage_std": 9.092747688293457,
  "xy_ratio_mean": 3.0755438804626465,
  "xy_ratio_std": 1.1860216856002808,
  "x_std_mean": 0.20076385140419006,
  "y_std_mean": 0.062251247465610504
}