{
  "num_samples": 592,
  "timestamp": "20260205_062508",
  "LEV": 25.0,
  "LEV_std": 0.0,
  "DTW": 1322.1107710508777,
  "DTW_std": 307.5148564443423,
  "REC": 48.001689189189186,
  "REC_std": 9.350480797297745,
  "x_coverage_mean": 72.6397705078125,
  "x_coverage_std": 11.467716217041016,
  "y_coverage_mean": 28.03022003173828,
  "y_coverage_std": 9.446568489074707,
  "xy_ratio_mean": 2.884723424911499,
  "xy_ratio_std": 1.0898123979568481,
  "x_std_mean": 0.20162367820739746,
  "y_std_mean": 0.06562791019678116
}