{
  "train_loss": [
    -0.022828490620380955,
    -0.03710676641448548,
    -0.10306502192428238,
    -0.14179340789192602,
    -0.1482254721616444,
    -0.1561672020899622,
    -0.15554553113485636,
    -0.14978351483219549,
    -0.15449036344101555,
    -0.14809373648543106,
    -0.14615562166038312,
    -0.14622943260167776,
    -0.14033297018000954,
    -0.1366757346611274,
    -0.13626391048494138,
    -0.13580108708456942,
    -0.13654981396700205,
    -0.12699560781842784,
    -0.13666193540159025,
    -0.13007344972146184,
    -0.12227853779730044,
    -0.11997974703186437,
    -0.11453037003153249,
    -0.11685960700637416,
    -0.11504558316971127,
    -0.11225874682790354,
    -0.1154374809641587,
    -0.10993518601906926,
    -0.10815749278194026,
    -0.10892498140272341,
    -0.11074552685022354,
    -0.10266907591568797,
    -0.1059136669102468,
    -0.10240943651450307,
    -0.10006193110817357,
    -0.10117511843380175,
    -0.1006293430140144,
    -0.09423791264232836,
    -0.1010302783627259,
    -0.100391869874377,
    -0.09740415097851503,
    -0.0962430109318934,
    -0.09436818918115214,
    -0.09647416441064131,
    -0.0937939760716338,
    -0.09196848030153074,
    -0.09600330850011424,
    -0.09247351829942904,
    -0.09207491615885183,
    -0.09267949822701906
  ],
  "train_path_loss": [
    -0.022112114256934115,
    -0.024772027311356443,
    -0.048812161248765494,
    -0.0780659208172246,
    -0.08249649327052266,
    -0.08835550358420924,
    -0.08728963489595212,
    -0.08227730130678729,
    -0.08638589201789153,
    -0.08064229707968862,
    -0.07926794533666812,
    -0.07931686231964513,
    -0.07400230318307877,
    -0.07150098426561606,
    -0.07120286477239508,
    -0.07055428271230899,
    -0.07095994486620552,
    -0.06361284381464909,
    -0.07081228514250956,
    -0.06604548798579919,
    -0.05896313115954399,
    -0.057408908921244894,
    -0.05339496445498968,
    -0.05525082918374162,
    -0.0541915949434042,
    -0.05170885061747149,
    -0.05339861229846352,
    -0.05022728178454073,
    -0.04814920074453479,
    -0.04836625507787654,
    -0.05014634308846373,
    -0.04381073834864717,
    -0.045104067037372214,
    -0.0433642669139724,
    -0.04156303219497204,
    -0.042264713072463087,
    -0.04126407313895853,
    -0.036305910172431094,
    -0.04049901311334811,
    -0.04171413438100564,
    -0.03828458870319944,
    -0.0375417369957033,
    -0.03618976258133587,
    -0.03764757043436954,
    -0.03588330696680044,
    -0.03334555147509826,
    -0.03677086600739705,
    -0.03413454541250279,
    -0.03341505274568733,
    -0.034173421855819855
  ],
  "train_coverage_loss": [
    -0.014327527219919782,
    -0.24669477363166056,
    -1.0850572052754854,
    -1.2745497038489895,
    -1.3145795370403088,
    -1.3562339858004921,
    -1.3651179075241089,
    -1.3501242210990505,
    -1.362089382974725,
    -1.3490287692923295,
    -1.3377534841236316,
    -1.338251364858527,
    -1.3266133132733797,
    -1.303494980460719,
    -1.301220875037344,
    -1.3049360639170597,
    -1.311797392995734,
    -1.2676552785070319,
    -1.31699296047813,
    -1.280559219812092,
    -1.266308119422511,
    -1.2514167333904065,
    -1.2227080872184353,
    -1.2321755572369224,
    -1.2170797398215847,
    -1.2109978951905902,
    -1.2407773670397306,
    -1.194158070965817,
    -1.2001658427087885,
    -1.2111745006159733,
    -1.2119836305317127,
    -1.177166738008198,
    -1.2161920007906462,
    -1.1809033531891673,
    -1.169977947285301,
    -1.1782080876199823,
    -1.1873053876977218,
    -1.1586400584170693,
    -1.2106252783223201,
    -1.1735546965348094,
    -1.1823912419770892,
    -1.1740254665675915,
    -1.1635685155266209,
    -1.1765318669770892,
    -1.1582133519022089,
    -1.1724585420206974,
    -1.1846488400509483,
    -1.166779442837364,
    -1.173197256891351,
    -1.1701215003666126
  ],
  "val_loss": [
    -0.059096268564462665,
    -0.0723150372505188,
    -0.0760022148489952,
    -0.07651137709617614,
    -0.07869638353586197,
    -0.07550681829452514,
    -0.07770695984363556,
    -0.07576521635055541,
    -0.0794396534562111,
    -0.08105992674827575,
    -0.07999264299869538,
    -0.0827589601278305,
    -0.08122705668210983,
    -0.08563469350337982,
    -0.08475465923547745,
    -0.08460088670253754,
    -0.08597027808427811,
    -0.08573502600193024,
    -0.08793101906776428,
    -0.08654091656208038,
    -0.08730492889881133,
    -0.0880818709731102,
    -0.08731942772865295,
    -0.08769847303628922,
    -0.08994118273258209
  ],
  "val_path_loss": [
    -0.030054578185081483,
    -0.021944748982787133,
    -0.021712127327919006,
    -0.021684351190924645,
    -0.02354515455663204,
    -0.021674292162060738,
    -0.024707518704235553,
    -0.02143207788467407,
    -0.025730215944349766,
    -0.026367124542593955,
    -0.027960431575775147,
    -0.03156378231942654,
    -0.028337013348937033,
    -0.03187398687005043,
    -0.031240241974592207,
    -0.03034568466246128,
    -0.03381972759962082,
    -0.030396439135074615,
    -0.03608576133847237,
    -0.03259188607335091,
    -0.03285323493182659,
    -0.032243639975786206,
    -0.03244593180716038,
    -0.03198475018143654,
    -0.034761353582143786
  ],
  "val_coverage_loss": [
    -0.5808337926864624,
    -1.0074057817459106,
    -1.0858016967773438,
    -1.0965404987335206,
    -1.1030245542526245,
    -1.0766505002975464,
    -1.059988808631897,
    -1.0866627454757691,
    -1.074188756942749,
    -1.0938560247421265,
    -1.0406441688537598,
    -1.0239035606384277,
    -1.0578008770942688,
    -1.0752141237258912,
    -1.070288324356079,
    -1.085103988647461,
    -1.0430110216140747,
    -1.1067716836929322,
    -1.0369051218032836,
    -1.078980600833893,
    -1.089033842086792,
    -1.1167645931243897,
    -1.0974699020385743,
    -1.1142744064331054,
    -1.103596568107605
  ],
  "val_x_coverage": [
    43.430607318878174,
    68.97756576538086,
    67.33928561210632,
    67.7944815158844,
    67.54152178764343,
    64.8392105102539,
    64.94334578514099,
    66.97647452354431,
    66.40774607658386,
    67.71181106567383,
    65.48405528068542,
    66.00503444671631,
    67.10262060165405,
    69.78395819664001,
    68.30584287643433,
    70.36383748054504,
    68.3200740814209,
    72.15268850326538,
    69.42051768302917,
    70.6391704082489,
    71.77725791931152,
    73.52208733558655,
    72.64048933982849,
    73.46800327301025,
    72.98773884773254
  ],
  "val_y_coverage": [
    3.456030860543251,
    19.029245972633362,
    35.181875824928284,
    36.18349552154541,
    37.544121742248535,
    39.08154845237732,
    35.99182844161987,
    36.23523831367493,
    35.52001357078552,
    35.77079236507416,
    32.346287965774536,
    28.76526117324829,
    31.55017375946045,
    29.1826069355011,
    31.272116899490356,
    29.368633031845093,
    27.23519057035446,
    29.030290842056274,
    24.467377364635468,
    27.980397641658783,
    26.873151659965515,
    28.118008971214294,
    27.135315537452698,
    27.86937117576599,
    27.227043509483337
  ],
  "val_xy_ratio": [
    13.631482874149444,
    3.736064056742901,
    1.931125464491941,
    1.9023742631312437,
    1.8043525234233884,
    1.6713682050488372,
    1.8173360089656239,
    1.8544004496646191,
    1.8781739136709814,
    1.9116389184880895,
    2.044479578019849,
    2.299746755101438,
    2.148584132680301,
    2.431813283019471,
    2.1931941956076306,
    2.4422404572145227,
    2.5389374632806025,
    2.5151336026775986,
    2.919453605812296,
    2.5601447417909333,
    2.7116749708190153,
    2.650077843361517,
    2.6954974409830412,
    2.6983750189184144,
    2.6978226135645977
  ],